{
  "checkpoints": [
    "{\n  \"trainable_name\": \"training_function\",\n  \"trial_id\": \"b77c9_00000\",\n  \"config\": {\n    \"layer_1_size\": 32,\n    \"layer_2_size\": 128,\n    \"lr\": 0.0001579132451834373,\n    \"batch_size\": 128,\n    \"mlflow\": {\n      \"experiment_name\": \"/Users/timo.bohnstedt@fau.de/Jiggsaw_test\",\n      \"tracking_uri\": \"databricks\"\n    }\n  },\n  \"local_dir\": \"/Users/beantown/PycharmProjects/jigsaw-puzzle-solver/results/ray_results/tune_mnist_asha\",\n  \"evaluated_params\": {\n    \"layer_1_size\": 32,\n    \"layer_2_size\": 128,\n    \"lr\": 0.0001579132451834373,\n    \"batch_size\": 128\n  },\n  \"experiment_tag\": \"0_batch_size=128,layer_1_size=32,layer_2_size=128,lr=0.00015791\",\n  \"location\": {\n    \"_type\": \"CLOUDPICKLE_FALLBACK\",\n    \"value\": \"8005953a000000000000008c0e7261792e74756e652e747269616c948c084c6f636174696f6e9493942981947d94288c08686f73746e616d65944e8c03706964944e75622e\"\n  },\n  \"resources\": {\n    \"cpu\": 9,\n    \"gpu\": 0,\n    \"memory\": 0,\n    \"object_store_memory\": 0,\n    \"extra_cpu\": 0,\n    \"extra_gpu\": 0,\n    \"extra_memory\": 0,\n    \"extra_object_store_memory\": 0,\n    \"custom_resources\": {},\n    \"extra_custom_resources\": {}\n  },\n  \"placement_group_factory\": {\n    \"_type\": \"CLOUDPICKLE_FALLBACK\",\n    \"value\": \"800595b2000000000000008c1f7261792e74756e652e7574696c732e706c6163656d656e745f67726f757073948c15506c6163656d656e7447726f7570466163746f72799493942981947d94288c085f62756e646c6573945d947d94288c03435055944b098c03475055944b008c066d656d6f7279944b008c136f626a6563745f73746f72655f6d656d6f7279944b0075618c095f7374726174656779948c045041434b948c055f6172677394298c075f6b7761726773947d9475622e\"\n  },\n  \"stopping_criterion\": {},\n  \"log_to_file\": [\n    null,\n    null\n  ],\n  \"max_failures\": 0,\n  \"last_result\": {\n    \"loss\": 0.39035576581954956,\n    \"mean_accuracy\": 0.880664050579071,\n    \"time_this_iter_s\": 7.765209674835205,\n    \"done\": true,\n    \"timesteps_total\": null,\n    \"episodes_total\": null,\n    \"training_iteration\": 3,\n    \"experiment_id\": \"c747cc5077a146009b2289426c9e6ac0\",\n    \"date\": \"2021-05-26_17-12-34\",\n    \"timestamp\": 1622041954,\n    \"time_total_s\": 32.101486682891846,\n    \"pid\": 13881,\n    \"hostname\": \"Timos-MacBook-Pro-2.local\",\n    \"node_ip\": \"192.168.2.103\",\n    \"config\": {\n      \"layer_1_size\": 32,\n      \"layer_2_size\": 128,\n      \"lr\": 0.0001579132451834373,\n      \"batch_size\": 128,\n      \"mlflow\": {\n        \"experiment_name\": \"/Users/timo.bohnstedt@fau.de/Jiggsaw_test\",\n        \"tracking_uri\": \"databricks\"\n      }\n    },\n    \"time_since_restore\": 32.101486682891846,\n    \"timesteps_since_restore\": 0,\n    \"iterations_since_restore\": 3,\n    \"trial_id\": \"b77c9_00000\",\n    \"experiment_tag\": \"0_batch_size=128,layer_1_size=32,layer_2_size=128,lr=0.00015791\"\n  },\n  \"last_update_time\": 1622041954.624156,\n  \"metric_analysis\": {\n    \"loss\": {\n      \"max\": 0.5646534562110901,\n      \"min\": 0.39035576581954956,\n      \"avg\": 0.46593846877415973,\n      \"last\": 0.39035576581954956,\n      \"last-5-avg\": 0.46593846877415973,\n      \"last-10-avg\": 0.46593846877415973\n    },\n    \"mean_accuracy\": {\n      \"max\": 0.880664050579071,\n      \"min\": 0.8287109136581421,\n      \"avg\": 0.858789046605428,\n      \"last\": 0.880664050579071,\n      \"last-5-avg\": 0.8587890466054281,\n      \"last-10-avg\": 0.8587890466054281\n    },\n    \"time_this_iter_s\": {\n      \"max\": 16.669752836227417,\n      \"min\": 7.666524171829224,\n      \"avg\": 10.700495560963947,\n      \"last\": 7.765209674835205,\n      \"last-5-avg\": 10.70049556096395,\n      \"last-10-avg\": 10.70049556096395\n    },\n    \"done\": {\n      \"max\": false,\n      \"min\": false,\n      \"avg\": 0.0,\n      \"last\": false,\n      \"last-5-avg\": 0.0,\n      \"last-10-avg\": 0.0\n    },\n    \"training_iteration\": {\n      \"max\": 3,\n      \"min\": 1,\n      \"avg\": 2.0,\n      \"last\": 3,\n      \"last-5-avg\": 2.0,\n      \"last-10-avg\": 2.0\n    },\n    \"timestamp\": {\n      \"max\": 1622041954,\n      \"min\": 1622041939,\n      \"avg\": 1622041946.3333333,\n      \"last\": 1622041954,\n      \"last-5-avg\": 1622041946.3333333,\n      \"last-10-avg\": 1622041946.3333333\n    },\n    \"time_total_s\": {\n      \"max\": 32.101486682891846,\n      \"min\": 16.669752836227417,\n      \"avg\": 24.3691721757253,\n      \"last\": 32.101486682891846,\n      \"last-5-avg\": 24.3691721757253,\n      \"last-10-avg\": 24.3691721757253\n    },\n    \"pid\": {\n      \"max\": 13881,\n      \"min\": 13881,\n      \"avg\": 13881.0,\n      \"last\": 13881,\n      \"last-5-avg\": 13881.0,\n      \"last-10-avg\": 13881.0\n    },\n    \"time_since_restore\": {\n      \"max\": 32.101486682891846,\n      \"min\": 16.669752836227417,\n      \"avg\": 24.3691721757253,\n      \"last\": 32.101486682891846,\n      \"last-5-avg\": 24.3691721757253,\n      \"last-10-avg\": 24.3691721757253\n    },\n    \"timesteps_since_restore\": {\n      \"max\": 0,\n      \"min\": 0,\n      \"avg\": 0.0,\n      \"last\": 0,\n      \"last-5-avg\": 0.0,\n      \"last-10-avg\": 0.0\n    },\n    \"iterations_since_restore\": {\n      \"max\": 3,\n      \"min\": 1,\n      \"avg\": 2.0,\n      \"last\": 3,\n      \"last-5-avg\": 2.0,\n      \"last-10-avg\": 2.0\n    },\n    \"config/layer_1_size\": {\n      \"max\": 32,\n      \"min\": 32,\n      \"avg\": 32.0,\n      \"last\": 32,\n      \"last-5-avg\": 32.0,\n      \"last-10-avg\": 32.0\n    },\n    \"config/layer_2_size\": {\n      \"max\": 128,\n      \"min\": 128,\n      \"avg\": 128.0,\n      \"last\": 128,\n      \"last-5-avg\": 128.0,\n      \"last-10-avg\": 128.0\n    },\n    \"config/lr\": {\n      \"max\": 0.0001579132451834373,\n      \"min\": 0.0001579132451834373,\n      \"avg\": 0.00015791324518343728,\n      \"last\": 0.0001579132451834373,\n      \"last-5-avg\": 0.0001579132451834373,\n      \"last-10-avg\": 0.0001579132451834373\n    },\n    \"config/batch_size\": {\n      \"max\": 128,\n      \"min\": 128,\n      \"avg\": 128.0,\n      \"last\": 128,\n      \"last-5-avg\": 128.0,\n      \"last-10-avg\": 128.0\n    }\n  },\n  \"n_steps\": [\n    5,\n    10\n  ],\n  \"metric_n_steps\": {\n    \"loss\": {\n      \"5\": {\n        \"_type\": \"CLOUDPICKLE_FALLBACK\",\n        \"value\": \"8005953d000000000000008c0b636f6c6c656374696f6e73948c056465717565949394294b058694529428473fe211a420000000473fdc56efc0000000473fd8fb96c0000000652e\"\n      },\n      \"10\": {\n        \"_type\": \"CLOUDPICKLE_FALLBACK\",\n        \"value\": \"8005953d000000000000008c0b636f6c6c656374696f6e73948c056465717565949394294b0a8694529428473fe211a420000000473fdc56efc0000000473fd8fb96c0000000652e\"\n      }\n    },\n    \"mean_accuracy\": {\n      \"5\": {\n        \"_type\": \"CLOUDPICKLE_FALLBACK\",\n        \"value\": \"8005953d000000000000008c0b636f6c6c656374696f6e73948c056465717565949394294b058694529428473fea84ccc0000000473febbe6660000000473fec2e6660000000652e\"\n      },\n      \"10\": {\n        \"_type\": \"CLOUDPICKLE_FALLBACK\",\n        \"value\": \"8005953d000000000000008c0b636f6c6c656374696f6e73948c056465717565949394294b0a8694529428473fea84ccc0000000473febbe6660000000473fec2e6660000000652e\"\n      }\n    },\n    \"time_this_iter_s\": {\n      \"5\": {\n        \"_type\": \"CLOUDPICKLE_FALLBACK\",\n        \"value\": \"8005953d000000000000008c0b636f6c6c656374696f6e73948c056465717565949394294b058694529428474030ab74ec00000047401eaa855000000047401f0f9320000000652e\"\n      },\n      \"10\": {\n        \"_type\": \"CLOUDPICKLE_FALLBACK\",\n        \"value\": \"8005953d000000000000008c0b636f6c6c656374696f6e73948c056465717565949394294b0a8694529428474030ab74ec00000047401eaa855000000047401f0f9320000000652e\"\n      }\n    },\n    \"done\": {\n      \"5\": {\n        \"_type\": \"CLOUDPICKLE_FALLBACK\",\n        \"value\": 