{
  "checkpoints": [
    "{\n  \"trainable_name\": \"training_function\",\n  \"trial_id\": \"b0f53_00000\",\n  \"config\": {\n    \"layer_1_size\": 64,\n    \"layer_2_size\": 256,\n    \"lr\": 0.00035885433644261577,\n    \"batch_size\": 64,\n    \"mlflow\": {\n      \"experiment_name\": \"/Users/timo.bohnstedt@fau.de/Jiggsaw_test\",\n      \"tracking_uri\": \"databricks\"\n    }\n  },\n  \"local_dir\": \"/Users/beantown/PycharmProjects/jigsaw-puzzle-solver/results/ray_results/tune_mnist_asha\",\n  \"evaluated_params\": {\n    \"layer_1_size\": 64,\n    \"layer_2_size\": 256,\n    \"lr\": 0.00035885433644261577,\n    \"batch_size\": 64\n  },\n  \"experiment_tag\": \"0_batch_size=64,layer_1_size=64,layer_2_size=256,lr=0.00035885\",\n  \"location\": {\n    \"_type\": \"CLOUDPICKLE_FALLBACK\",\n    \"value\": \"8005953a000000000000008c0e7261792e74756e652e747269616c948c084c6f636174696f6e9493942981947d94288c08686f73746e616d65944e8c03706964944e75622e\"\n  },\n  \"resources\": {\n    \"cpu\": 9,\n    \"gpu\": 0,\n    \"memory\": 0,\n    \"object_store_memory\": 0,\n    \"extra_cpu\": 0,\n    \"extra_gpu\": 0,\n    \"extra_memory\": 0,\n    \"extra_object_store_memory\": 0,\n    \"custom_resources\": {},\n    \"extra_custom_resources\": {}\n  },\n  \"placement_group_factory\": {\n    \"_type\": \"CLOUDPICKLE_FALLBACK\",\n    \"value\": \"800595b2000000000000008c1f7261792e74756e652e7574696c732e706c6163656d656e745f67726f757073948c15506c6163656d656e7447726f7570466163746f72799493942981947d94288c085f62756e646c6573945d947d94288c03435055944b098c03475055944b008c066d656d6f7279944b008c136f626a6563745f73746f72655f6d656d6f7279944b0075618c095f7374726174656779948c045041434b948c055f6172677394298c075f6b7761726773947d9475622e\"\n  },\n  \"stopping_criterion\": {},\n  \"log_to_file\": [\n    null,\n    null\n  ],\n  \"max_failures\": 0,\n  \"last_result\": {\n    \"loss\": 0.25496670603752136,\n    \"mean_accuracy\": 0.9220727682113647,\n    \"time_this_iter_s\": 8.517966985702515,\n    \"done\": true,\n    \"timesteps_total\": null,\n    \"episodes_total\": null,\n    \"training_iteration\": 2,\n    \"experiment_id\": \"a4d1477ff5bb4f4791fd2abd0cb23a18\",\n    \"date\": \"2021-05-26_17-19-26\",\n    \"timestamp\": 1622042366,\n    \"time_total_s\": 25.89110231399536,\n    \"pid\": 14265,\n    \"hostname\": \"Timos-MacBook-Pro-2.local\",\n    \"node_ip\": \"192.168.2.103\",\n    \"config\": {\n      \"layer_1_size\": 64,\n      \"layer_2_size\": 256,\n      \"lr\": 0.00035885433644261577,\n      \"batch_size\": 64,\n      \"mlflow\": {\n        \"experiment_name\": \"/Users/timo.bohnstedt@fau.de/Jiggsaw_test\",\n        \"tracking_uri\": \"databricks\"\n      }\n    },\n    \"time_since_restore\": 25.89110231399536,\n    \"timesteps_since_restore\": 0,\n    \"iterations_since_restore\": 2,\n    \"trial_id\": \"b0f53_00000\",\n    \"experiment_tag\": \"0_batch_size=64,layer_1_size=64,layer_2_size=256,lr=0.00035885\"\n  },\n  \"last_update_time\": 1622042366.7387478,\n  \"metric_analysis\": {\n    \"loss\": {\n      \"max\": 0.32090139389038086,\n      \"min\": 0.25496670603752136,\n      \"avg\": 0.2879340499639511,\n      \"last\": 0.25496670603752136,\n      \"last-5-avg\": 0.2879340499639511,\n      \"last-10-avg\": 0.2879340499639511\n    },\n    \"mean_accuracy\": {\n      \"max\": 0.9220727682113647,\n      \"min\": 0.9034810066223145,\n      \"avg\": 0.9127768874168396,\n      \"last\": 0.9220727682113647,\n      \"last-5-avg\": 0.9127768874168396,\n      \"last-10-avg\": 0.9127768874168396\n    },\n    \"time_this_iter_s\": {\n      \"max\": 17.373135328292847,\n      \"min\": 8.517966985702515,\n      \"avg\": 12.94555115699768,\n      \"last\": 8.517966985702515,\n      \"last-5-avg\": 12.94555115699768,\n      \"last-10-avg\": 12.94555115699768\n    },\n    \"done\": {\n      \"max\": false,\n      \"min\": false,\n      \"avg\": 0.0,\n      \"last\": false,\n      \"last-5-avg\": 0.0,\n      \"last-10-avg\": 0.0\n    },\n    \"training_iteration\": {\n      \"max\": 2,\n      \"min\": 1,\n      \"avg\": 1.5,\n      \"last\": 2,\n      \"last-5-avg\": 1.5,\n      \"last-10-avg\": 1.5\n    },\n    \"timestamp\": {\n      \"max\": 1622042366,\n      \"min\": 1622042358,\n      \"avg\": 1622042362.0,\n      \"last\": 1622042366,\n      \"last-5-avg\": 1622042362.0,\n      \"last-10-avg\": 1622042362.0\n    },\n    \"time_total_s\": {\n      \"max\": 25.89110231399536,\n      \"min\": 17.373135328292847,\n      \"avg\": 21.632118821144104,\n      \"last\": 25.89110231399536,\n      \"last-5-avg\": 21.632118821144104,\n      \"last-10-avg\": 21.632118821144104\n    },\n    \"pid\": {\n      \"max\": 14265,\n      \"min\": 14265,\n      \"avg\": 14265.0,\n      \"last\": 14265,\n      \"last-5-avg\": 14265.0,\n      \"last-10-avg\": 14265.0\n    },\n    \"time_since_restore\": {\n      \"max\": 25.89110231399536,\n      \"min\": 17.373135328292847,\n      \"avg\": 21.632118821144104,\n      \"last\": 25.89110231399536,\n      \"last-5-avg\": 21.632118821144104,\n      \"last-10-avg\": 21.632118821144104\n    },\n    \"timesteps_since_restore\": {\n      \"max\": 0,\n      \"min\": 0,\n      \"avg\": 0.0,\n      \"last\": 0,\n      \"last-5-avg\": 0.0,\n      \"last-10-avg\": 0.0\n    },\n    \"iterations_since_restore\": {\n      \"max\": 2,\n      \"min\": 1,\n      \"avg\": 1.5,\n      \"last\": 2,\n      \"last-5-avg\": 1.5,\n      \"last-10-avg\": 1.5\n    },\n    \"config/layer_1_size\": {\n      \"max\": 64,\n      \"min\": 64,\n      \"avg\": 64.0,\n      \"last\": 64,\n      \"last-5-avg\": 64.0,\n      \"last-10-avg\": 64.0\n    },\n    \"config/layer_2_size\": {\n      \"max\": 256,\n      \"min\": 256,\n      \"avg\": 256.0,\n      \"last\": 256,\n      \"last-5-avg\": 256.0,\n      \"last-10-avg\": 256.0\n    },\n    \"config/lr\": {\n      \"max\": 0.00035885433644261577,\n      \"min\": 0.00035885433644261577,\n      \"avg\": 0.00035885433644261577,\n      \"last\": 0.00035885433644261577,\n      \"last-5-avg\": 0.00035885433644261577,\n      \"last-10-avg\": 0.00035885433644261577\n    },\n    \"config/batch_size\": {\n      \"max\": 64,\n      \"min\": 64,\n      \"avg\": 64.0,\n      \"last\": 64,\n      \"last-5-avg\": 64.0,\n      \"last-10-avg\": 64.0\n    }\n  },\n  \"n_steps\": [\n    5,\n    10\n  ],\n  \"metric_n_steps\": {\n    \"loss\": {\n      \"5\": {\n        \"_type\": \"CLOUDPICKLE_FALLBACK\",\n        \"value\": \"80059534000000000000008c0b636f6c6c656374696f6e73948c056465717565949394294b058694529428473fd489a600000000473fd0515fe0000000652e\"\n      },\n      \"10\": {\n        \"_type\": \"CLOUDPICKLE_FALLBACK\",\n        \"value\": \"80059534000000000000008c0b636f6c6c656374696f6e73948c056465717565949394294b0a8694529428473fd489a600000000473fd0515fe0000000652e\"\n      }\n    },\n    \"mean_accuracy\": {\n      \"5\": {\n        \"_type\": \"CLOUDPICKLE_FALLBACK\",\n        \"value\": \"80059534000000000000008c0b636f6c6c656374696f6e73948c056465717565949394294b058694529428473fece95100000000473fed819ec0000000652e\"\n      },\n      \"10\": {\n        \"_type\": \"CLOUDPICKLE_FALLBACK\",\n        \"value\": \"80059534000000000000008c0b636f6c6c656374696f6e73948c056465717565949394294b0a8694529428473fece95100000000473fed819ec0000000652e\"\n      }\n    },\n    \"time_this_iter_s\": {\n      \"5\": {\n        \"_type\": \"CLOUDPICKLE_FALLBACK\",\n        \"value\": \"80059534000000000000008c0b636f6c6c656374696f6e73948c056465717565949394294b0586945294284740315f85cc0000004740210932f8000000652e\"\n      },\n      \"10\": {\n        \"_type\": \"CLOUDPICKLE_FALLBACK\",\n        \"value\": \"80059534000000000000008c0b636f6c6c656374696f6e73948c056465717565949394294b0a86945294284740315f85cc0000004740210932f8000000652e\"\n      }\n    },\n    \"done\": {\n      \"5\": {\n        \"_type\": \"CLOUDPICKLE_FALLBACK\",\n        \"value\": \"80059524000000000000008c0b636f6c6c656374696f6e73948c056465717565949394294b0586945294288989652e\"\n      },\n      