{
  "checkpoints": [
    "{\n  \"trainable_name\": \"training_function\",\n  \"trial_id\": \"7a1f6_00000\",\n  \"config\": {\n    \"layer_1_size\": 128,\n    \"layer_2_size\": 64,\n    \"lr\": 0.0009412597078222119,\n    \"batch_size\": 32,\n    \"mlflow\": {\n      \"experiment_name\": \"/Users/timo.bohnstedt@fau.de/Jiggsaw_test\",\n      \"tracking_uri\": \"databricks\"\n    }\n  },\n  \"local_dir\": \"/Users/beantown/PycharmProjects/jigsaw-puzzle-solver/results/ray_results/tune_mnist_asha\",\n  \"evaluated_params\": {\n    \"layer_1_size\": 128,\n    \"layer_2_size\": 64,\n    \"lr\": 0.0009412597078222119,\n    \"batch_size\": 32\n  },\n  \"experiment_tag\": \"0_batch_size=32,layer_1_size=128,layer_2_size=64,lr=0.00094126\",\n  \"location\": {\n    \"_type\": \"CLOUDPICKLE_FALLBACK\",\n    \"value\": \"8005953a000000000000008c0e7261792e74756e652e747269616c948c084c6f636174696f6e9493942981947d94288c08686f73746e616d65944e8c03706964944e75622e\"\n  },\n  \"resources\": {\n    \"cpu\": 8,\n    \"gpu\": 0,\n    \"memory\": 0,\n    \"object_store_memory\": 0,\n    \"extra_cpu\": 0,\n    \"extra_gpu\": 0,\n    \"extra_memory\": 0,\n    \"extra_object_store_memory\": 0,\n    \"custom_resources\": {},\n    \"extra_custom_resources\": {}\n  },\n  \"placement_group_factory\": {\n    \"_type\": \"CLOUDPICKLE_FALLBACK\",\n    \"value\": \"800595b2000000000000008c1f7261792e74756e652e7574696c732e706c6163656d656e745f67726f757073948c15506c6163656d656e7447726f7570466163746f72799493942981947d94288c085f62756e646c6573945d947d94288c03435055944b088c03475055944b008c066d656d6f7279944b008c136f626a6563745f73746f72655f6d656d6f7279944b0075618c095f7374726174656779948c045041434b948c055f6172677394298c075f6b7761726773947d9475622e\"\n  },\n  \"stopping_criterion\": {},\n  \"log_to_file\": [\n    null,\n    null\n  ],\n  \"max_failures\": 0,\n  \"last_result\": {\n    \"loss\": 0.20105062425136566,\n    \"mean_accuracy\": 0.9396895170211792,\n    \"time_this_iter_s\": 9.943919897079468,\n    \"done\": true,\n    \"timesteps_total\": null,\n    \"episodes_total\": null,\n    \"training_iteration\": 2,\n    \"experiment_id\": \"626697b470524ac7ab0d65d244b61df5\",\n    \"date\": \"2021-05-28_17-15-39\",\n    \"timestamp\": 1622214939,\n    \"time_total_s\": 30.037120819091797,\n    \"pid\": 6894,\n    \"hostname\": \"Timos-MacBook-Pro-2.local\",\n    \"node_ip\": \"192.168.2.103\",\n    \"config\": {\n      \"layer_1_size\": 128,\n      \"layer_2_size\": 64,\n      \"lr\": 0.0009412597078222119,\n      \"batch_size\": 32,\n      \"mlflow\": {\n        \"experiment_name\": \"/Users/timo.bohnstedt@fau.de/Jiggsaw_test\",\n        \"tracking_uri\": \"databricks\"\n      }\n    },\n    \"time_since_restore\": 30.037120819091797,\n    \"timesteps_since_restore\": 0,\n    \"iterations_since_restore\": 2,\n    \"trial_id\": \"7a1f6_00000\",\n    \"experiment_tag\": \"0_batch_size=32,layer_1_size=128,layer_2_size=64,lr=0.00094126\"\n  },\n  \"last_update_time\": 1622214939.319864,\n  \"metric_analysis\": {\n    \"loss\": {\n      \"max\": 0.21856455504894257,\n      \"min\": 0.20105062425136566,\n      \"avg\": 0.2098075896501541,\n      \"last\": 0.20105062425136566,\n      \"last-5-avg\": 0.2098075896501541,\n      \"last-10-avg\": 0.2098075896501541\n    },\n    \"mean_accuracy\": {\n      \"max\": 0.9396895170211792,\n      \"min\": 0.9309315085411072,\n      \"avg\": 0.9353105127811432,\n      \"last\": 0.9396895170211792,\n      \"last-5-avg\": 0.9353105127811432,\n      \"last-10-avg\": 0.9353105127811432\n    },\n    \"time_this_iter_s\": {\n      \"max\": 20.09320092201233,\n      \"min\": 9.943919897079468,\n      \"avg\": 15.018560409545898,\n      \"last\": 9.943919897079468,\n      \"last-5-avg\": 15.018560409545898,\n      \"last-10-avg\": 15.018560409545898\n    },\n    \"done\": {\n      \"max\": false,\n      \"min\": false,\n      \"avg\": 0.0,\n      \"last\": false,\n      \"last-5-avg\": 0.0,\n      \"last-10-avg\": 0.0\n    },\n    \"training_iteration\": {\n      \"max\": 2,\n      \"min\": 1,\n      \"avg\": 1.5,\n      \"last\": 2,\n      \"last-5-avg\": 1.5,\n      \"last-10-avg\": 1.5\n    },\n    \"timestamp\": {\n      \"max\": 1622214939,\n      \"min\": 1622214929,\n      \"avg\": 1622214934.0,\n      \"last\": 1622214939,\n      \"last-5-avg\": 1622214934.0,\n      \"last-10-avg\": 1622214934.0\n    },\n    \"time_total_s\": {\n      \"max\": 30.037120819091797,\n      \"min\": 20.09320092201233,\n      \"avg\": 25.065160870552063,\n      \"last\": 30.037120819091797,\n      \"last-5-avg\": 25.065160870552063,\n      \"last-10-avg\": 25.065160870552063\n    },\n    \"pid\": {\n      \"max\": 6894,\n      \"min\": 6894,\n      \"avg\": 6894.0,\n      \"last\": 6894,\n      \"last-5-avg\": 6894.0,\n      \"last-10-avg\": 6894.0\n    },\n    \"time_since_restore\": {\n      \"max\": 30.037120819091797,\n      \"min\": 20.09320092201233,\n      \"avg\": 25.065160870552063,\n      \"last\": 30.037120819091797,\n      \"last-5-avg\": 25.065160870552063,\n      \"last-10-avg\": 25.065160870552063\n    },\n    \"timesteps_since_restore\": {\n      \"max\": 0,\n      \"min\": 0,\n      \"avg\": 0.0,\n      \"last\": 0,\n      \"last-5-avg\": 0.0,\n      \"last-10-avg\": 0.0\n    },\n    \"iterations_since_restore\": {\n      \"max\": 2,\n      \"min\": 1,\n      \"avg\": 1.5,\n      \"last\": 2,\n      \"last-5-avg\": 1.5,\n      \"last-10-avg\": 1.5\n    },\n    \"config/layer_1_size\": {\n      \"max\": 128,\n      \"min\": 128,\n      \"avg\": 128.0,\n      \"last\": 128,\n      \"last-5-avg\": 128.0,\n      \"last-10-avg\": 128.0\n    },\n    \"config/layer_2_size\": {\n      \"max\": 64,\n      \"min\": 64,\n      \"avg\": 64.0,\n      \"last\": 64,\n      \"last-5-avg\": 64.0,\n      \"last-10-avg\": 64.0\n    },\n    \"config/lr\": {\n      \"max\": 0.0009412597078222119,\n      \"min\": 0.0009412597078222119,\n      \"avg\": 0.0009412597078222119,\n      \"last\": 0.0009412597078222119,\n      \"last-5-avg\": 0.0009412597078222119,\n      \"last-10-avg\": 0.0009412597078222119\n    },\n    \"config/batch_size\": {\n      \"max\": 32,\n      \"min\": 32,\n      \"avg\": 32.0,\n      \"last\": 32,\n      \"last-5-avg\": 32.0,\n      \"last-10-avg\": 32.0\n    }\n  },\n  \"n_steps\": [\n    5,\n    10\n  ],\n  \"metric_n_steps\": {\n    \"loss\": {\n      \"5\": {\n        \"_type\": \"CLOUDPICKLE_FALLBACK\",\n        \"value\": \"80059534000000000000008c0b636f6c6c656374696f6e73948c056465717565949394294b058694529428473fcbf9ec60000000473fc9bc06e0000000652e\"\n      },\n      \"10\": {\n        \"_type\": \"CLOUDPICKLE_FALLBACK\",\n        \"value\": \"80059534000000000000008c0b636f6c6c656374696f6e73948c056465717565949394294b0a8694529428473fcbf9ec60000000473fc9bc06e0000000652e\"\n      }\n    },\n    \"mean_accuracy\": {\n      \"5\": {\n        \"_type\": \"CLOUDPICKLE_FALLBACK\",\n        \"value\": \"80059534000000000000008c0b636f6c6c656374696f6e73948c056465717565949394294b058694529428473fedca30e0000000473fee11efc0000000652e\"\n      },\n      \"10\": {\n        \"_type\": \"CLOUDPICKLE_FALLBACK\",\n        \"value\": \"80059534000000000000008c0b636f6c6c656374696f6e73948c056465717565949394294b0a8694529428473fedca30e0000000473fee11efc0000000652e\"\n      }\n    },\n    \"time_this_iter_s\": {\n      \"5\": {\n        \"_type\": \"CLOUDPICKLE_FALLBACK\",\n        \"value\": \"80059534000000000000008c0b636f6c6c656374696f6e73948c056465717565949394294b05869452942847403417dc04000000474023e34978000000652e\"\n      },\n      \"10\": {\n        \"_type\": \"CLOUDPICKLE_FALLBACK\",\n        \"value\": \"80059534000000000000008c0b636f6c6c656374696f6e73948c056465717565949394294b0a869452942847403417dc04000000474023e34978000000652e\"\n      }\n    },\n    \"done\": {\n      \"5\": {\n        \"_type\": \"CLOUDPICKLE_FALLBACK\",\n        \"value\": \"80059524000000000000008c0b636f6c6c656374696f6e73948c056465717565949394294b0586945294288989652e\"\n      },\n      \"10\": {\n     