{
  "checkpoints": [
    "{\n  \"trainable_name\": \"training_function\",\n  \"trial_id\": \"dcf8a_00000\",\n  \"config\": {\n    \"layer_1_size\": 64,\n    \"layer_2_size\": 256,\n    \"lr\": 0.0005282735925370781,\n    \"batch_size\": 128,\n    \"mlflow\": {\n      \"experiment_name\": \"/Users/timo.bohnstedt@fau.de/Jiggsaw_test\",\n      \"tracking_uri\": \"databricks\"\n    }\n  },\n  \"local_dir\": \"/Users/beantown/PycharmProjects/jigsaw-puzzle-solver/results/ray_results/tune_mnist_asha\",\n  \"evaluated_params\": {\n    \"layer_1_size\": 64,\n    \"layer_2_size\": 256,\n    \"lr\": 0.0005282735925370781,\n    \"batch_size\": 128\n  },\n  \"experiment_tag\": \"0_batch_size=128,layer_1_size=64,layer_2_size=256,lr=0.00052827\",\n  \"location\": {\n    \"_type\": \"CLOUDPICKLE_FALLBACK\",\n    \"value\": \"8005953a000000000000008c0e7261792e74756e652e747269616c948c084c6f636174696f6e9493942981947d94288c08686f73746e616d65944e8c03706964944e75622e\"\n  },\n  \"resources\": {\n    \"cpu\": 9,\n    \"gpu\": 0,\n    \"memory\": 0,\n    \"object_store_memory\": 0,\n    \"extra_cpu\": 0,\n    \"extra_gpu\": 0,\n    \"extra_memory\": 0,\n    \"extra_object_store_memory\": 0,\n    \"custom_resources\": {},\n    \"extra_custom_resources\": {}\n  },\n  \"placement_group_factory\": {\n    \"_type\": \"CLOUDPICKLE_FALLBACK\",\n    \"value\": \"800595b2000000000000008c1f7261792e74756e652e7574696c732e706c6163656d656e745f67726f757073948c15506c6163656d656e7447726f7570466163746f72799493942981947d94288c085f62756e646c6573945d947d94288c03435055944b098c03475055944b008c066d656d6f7279944b008c136f626a6563745f73746f72655f6d656d6f7279944b0075618c095f7374726174656779948c045041434b948c055f6172677394298c075f6b7761726773947d9475622e\"\n  },\n  \"stopping_criterion\": {},\n  \"log_to_file\": [\n    null,\n    null\n  ],\n  \"max_failures\": 0,\n  \"last_result\": {\n    \"loss\": 0.27330172061920166,\n    \"mean_accuracy\": 0.914843738079071,\n    \"time_this_iter_s\": 7.329877853393555,\n    \"done\": true,\n    \"timesteps_total\": null,\n    \"episodes_total\": null,\n    \"training_iteration\": 2,\n    \"experiment_id\": \"0edb023d1936447d981f45c8d33aa6f6\",\n    \"date\": \"2021-05-26_22-28-30\",\n    \"timestamp\": 1622060910,\n    \"time_total_s\": 24.047678232192993,\n    \"pid\": 16248,\n    \"hostname\": \"Timos-MacBook-Pro-2.local\",\n    \"node_ip\": \"192.168.2.103\",\n    \"config\": {\n      \"layer_1_size\": 64,\n      \"layer_2_size\": 256,\n      \"lr\": 0.0005282735925370781,\n      \"batch_size\": 128,\n      \"mlflow\": {\n        \"experiment_name\": \"/Users/timo.bohnstedt@fau.de/Jiggsaw_test\",\n        \"tracking_uri\": \"databricks\"\n      }\n    },\n    \"time_since_restore\": 24.047678232192993,\n    \"timesteps_since_restore\": 0,\n    \"iterations_since_restore\": 2,\n    \"trial_id\": \"dcf8a_00000\",\n    \"experiment_tag\": \"0_batch_size=128,layer_1_size=64,layer_2_size=256,lr=0.00052827\"\n  },\n  \"last_update_time\": 1622060910.091837,\n  \"metric_analysis\": {\n    \"loss\": {\n      \"max\": 0.34528741240501404,\n      \"min\": 0.27330172061920166,\n      \"avg\": 0.30929456651210785,\n      \"last\": 0.27330172061920166,\n      \"last-5-avg\": 0.30929456651210785,\n      \"last-10-avg\": 0.30929456651210785\n    },\n    \"mean_accuracy\": {\n      \"max\": 0.914843738079071,\n      \"min\": 0.8949218988418579,\n      \"avg\": 0.9048828184604645,\n      \"last\": 0.914843738079071,\n      \"last-5-avg\": 0.9048828184604645,\n      \"last-10-avg\": 0.9048828184604645\n    },\n    \"time_this_iter_s\": {\n      \"max\": 16.71780037879944,\n      \"min\": 7.329877853393555,\n      \"avg\": 12.023839116096497,\n      \"last\": 7.329877853393555,\n      \"last-5-avg\": 12.023839116096497,\n      \"last-10-avg\": 12.023839116096497\n    },\n    \"done\": {\n      \"max\": false,\n      \"min\": false,\n      \"avg\": 0.0,\n      \"last\": false,\n      \"last-5-avg\": 0.0,\n      \"last-10-avg\": 0.0\n    },\n    \"training_iteration\": {\n      \"max\": 2,\n      \"min\": 1,\n      \"avg\": 1.5,\n      \"last\": 2,\n      \"last-5-avg\": 1.5,\n      \"last-10-avg\": 1.5\n    },\n    \"timestamp\": {\n      \"max\": 1622060910,\n      \"min\": 1622060902,\n      \"avg\": 1622060906.0,\n      \"last\": 1622060910,\n      \"last-5-avg\": 1622060906.0,\n      \"last-10-avg\": 1622060906.0\n    },\n    \"time_total_s\": {\n      \"max\": 24.047678232192993,\n      \"min\": 16.71780037879944,\n      \"avg\": 20.382739305496216,\n      \"last\": 24.047678232192993,\n      \"last-5-avg\": 20.382739305496216,\n      \"last-10-avg\": 20.382739305496216\n    },\n    \"pid\": {\n      \"max\": 16248,\n      \"min\": 16248,\n      \"avg\": 16248.0,\n      \"last\": 16248,\n      \"last-5-avg\": 16248.0,\n      \"last-10-avg\": 16248.0\n    },\n    \"time_since_restore\": {\n      \"max\": 24.047678232192993,\n      \"min\": 16.71780037879944,\n      \"avg\": 20.382739305496216,\n      \"last\": 24.047678232192993,\n      \"last-5-avg\": 20.382739305496216,\n      \"last-10-avg\": 20.382739305496216\n    },\n    \"timesteps_since_restore\": {\n      \"max\": 0,\n      \"min\": 0,\n      \"avg\": 0.0,\n      \"last\": 0,\n      \"last-5-avg\": 0.0,\n      \"last-10-avg\": 0.0\n    },\n    \"iterations_since_restore\": {\n      \"max\": 2,\n      \"min\": 1,\n      \"avg\": 1.5,\n      \"last\": 2,\n      \"last-5-avg\": 1.5,\n      \"last-10-avg\": 1.5\n    },\n    \"config/layer_1_size\": {\n      \"max\": 64,\n      \"min\": 64,\n      \"avg\": 64.0,\n      \"last\": 64,\n      \"last-5-avg\": 64.0,\n      \"last-10-avg\": 64.0\n    },\n    \"config/layer_2_size\": {\n      \"max\": 256,\n      \"min\": 256,\n      \"avg\": 256.0,\n      \"last\": 256,\n      \"last-5-avg\": 256.0,\n      \"last-10-avg\": 256.0\n    },\n    \"config/lr\": {\n      \"max\": 0.0005282735925370781,\n      \"min\": 0.0005282735925370781,\n      \"avg\": 0.0005282735925370781,\n      \"last\": 0.0005282735925370781,\n      \"last-5-avg\": 0.0005282735925370781,\n      \"last-10-avg\": 0.0005282735925370781\n    },\n    \"config/batch_size\": {\n      \"max\": 128,\n      \"min\": 128,\n      \"avg\": 128.0,\n      \"last\": 128,\n      \"last-5-avg\": 128.0,\n      \"last-10-avg\": 128.0\n    }\n  },\n  \"n_steps\": [\n    5,\n    10\n  ],\n  \"metric_n_steps\": {\n    \"loss\": {\n      \"5\": {\n        \"_type\": \"CLOUDPICKLE_FALLBACK\",\n        \"value\": \"80059534000000000000008c0b636f6c6c656374696f6e73948c056465717565949394294b058694529428473fd6193060000000473fd17dc680000000652e\"\n      },\n      \"10\": {\n        \"_type\": \"CLOUDPICKLE_FALLBACK\",\n        \"value\": \"80059534000000000000008c0b636f6c6c656374696f6e73948c056465717565949394294b0a8694529428473fd6193060000000473fd17dc680000000652e\"\n      }\n    },\n    \"mean_accuracy\": {\n      \"5\": {\n        \"_type\": \"CLOUDPICKLE_FALLBACK\",\n        \"value\": \"80059534000000000000008c0b636f6c6c656374696f6e73948c056465717565949394294b058694529428473feca33340000000473fed466660000000652e\"\n      },\n      \"10\": {\n        \"_type\": \"CLOUDPICKLE_FALLBACK\",\n        \"value\": \"80059534000000000000008c0b636f6c6c656374696f6e73948c056465717565949394294b0a8694529428473feca33340000000473fed466660000000652e\"\n      }\n    },\n    \"time_this_iter_s\": {\n      \"5\": {\n        \"_type\": \"CLOUDPICKLE_FALLBACK\",\n        \"value\": \"80059534000000000000008c0b636f6c6c656374696f6e73948c056465717565949394294b058694529428474030b7c1c400000047401d51cb80000000652e\"\n      },\n      \"10\": {\n        \"_type\": \"CLOUDPICKLE_FALLBACK\",\n        \"value\": \"80059534000000000000008c0b636f6c6c656374696f6e73948c056465717565949394294b0a8694529428474030b7c1c400000047401d51cb80000000652e\"\n      }\n    },\n    \"done\": {\n      \"5\": {\n        \"_type\": \"CLOUDPICKLE_FALLBACK\",\n        \"value\": \"80059524000000000000008c0b636f6c6c656374696f6e73948c056465717565949394294b0586945294288989652e\"\n      },\n    