{
  "checkpoints": [
    "{\n  \"trainable_name\": \"training_function\",\n  \"trial_id\": \"28487_00000\",\n  \"config\": {\n    \"layer_1_size\": 32,\n    \"layer_2_size\": 128,\n    \"lr\": 0.012593240722255414,\n    \"batch_size\": 128,\n    \"mlflow\": {\n      \"experiment_name\": \"/Users/timo.bohnstedt@fau.de/Jiggsaw_test\",\n      \"tracking_uri\": \"databricks\"\n    }\n  },\n  \"local_dir\": \"/Users/beantown/PycharmProjects/jigsaw-puzzle-solver/results/ray_results/tune_mnist_asha\",\n  \"evaluated_params\": {\n    \"layer_1_size\": 32,\n    \"layer_2_size\": 128,\n    \"lr\": 0.012593240722255414,\n    \"batch_size\": 128\n  },\n  \"experiment_tag\": \"0_batch_size=128,layer_1_size=32,layer_2_size=128,lr=0.012593\",\n  \"location\": {\n    \"_type\": \"CLOUDPICKLE_FALLBACK\",\n    \"value\": \"8005953a000000000000008c0e7261792e74756e652e747269616c948c084c6f636174696f6e9493942981947d94288c08686f73746e616d65944e8c03706964944e75622e\"\n  },\n  \"resources\": {\n    \"cpu\": 9,\n    \"gpu\": 0,\n    \"memory\": 0,\n    \"object_store_memory\": 0,\n    \"extra_cpu\": 0,\n    \"extra_gpu\": 0,\n    \"extra_memory\": 0,\n    \"extra_object_store_memory\": 0,\n    \"custom_resources\": {},\n    \"extra_custom_resources\": {}\n  },\n  \"placement_group_factory\": {\n    \"_type\": \"CLOUDPICKLE_FALLBACK\",\n    \"value\": \"800595b2000000000000008c1f7261792e74756e652e7574696c732e706c6163656d656e745f67726f757073948c15506c6163656d656e7447726f7570466163746f72799493942981947d94288c085f62756e646c6573945d947d94288c03435055944b098c03475055944b008c066d656d6f7279944b008c136f626a6563745f73746f72655f6d656d6f7279944b0075618c095f7374726174656779948c045041434b948c055f6172677394298c075f6b7761726773947d9475622e\"\n  },\n  \"stopping_criterion\": {},\n  \"log_to_file\": [\n    null,\n    null\n  ],\n  \"max_failures\": 0,\n  \"last_result\": {\n    \"loss\": 0.4009768068790436,\n    \"mean_accuracy\": 0.8988281488418579,\n    \"time_this_iter_s\": 7.395667314529419,\n    \"done\": true,\n    \"timesteps_total\": null,\n    \"episodes_total\": null,\n    \"training_iteration\": 3,\n    \"experiment_id\": \"c1ab71a06eee48febe4a84fbf1cb6036\",\n    \"date\": \"2021-05-26_17-15-43\",\n    \"timestamp\": 1622042143,\n    \"time_total_s\": 32.58841109275818,\n    \"pid\": 14065,\n    \"hostname\": \"Timos-MacBook-Pro-2.local\",\n    \"node_ip\": \"192.168.2.103\",\n    \"config\": {\n      \"layer_1_size\": 32,\n      \"layer_2_size\": 128,\n      \"lr\": 0.012593240722255414,\n      \"batch_size\": 128,\n      \"mlflow\": {\n        \"experiment_name\": \"/Users/timo.bohnstedt@fau.de/Jiggsaw_test\",\n        \"tracking_uri\": \"databricks\"\n      }\n    },\n    \"time_since_restore\": 32.58841109275818,\n    \"timesteps_since_restore\": 0,\n    \"iterations_since_restore\": 3,\n    \"trial_id\": \"28487_00000\",\n    \"experiment_tag\": \"0_batch_size=128,layer_1_size=32,layer_2_size=128,lr=0.012593\"\n  },\n  \"last_update_time\": 1622042143.97425,\n  \"metric_analysis\": {\n    \"loss\": {\n      \"max\": 0.42953771352767944,\n      \"min\": 0.3846544921398163,\n      \"avg\": 0.40505633751551307,\n      \"last\": 0.4009768068790436,\n      \"last-5-avg\": 0.4050563375155131,\n      \"last-10-avg\": 0.4050563375155131\n    },\n    \"mean_accuracy\": {\n      \"max\": 0.8994140625,\n      \"min\": 0.884765625,\n      \"avg\": 0.8943359454472859,\n      \"last\": 0.8988281488418579,\n      \"last-5-avg\": 0.894335945447286,\n      \"last-10-avg\": 0.894335945447286\n    },\n    \"time_this_iter_s\": {\n      \"max\": 16.869308948516846,\n      \"min\": 7.395667314529419,\n      \"avg\": 10.86280369758606,\n      \"last\": 7.395667314529419,\n      \"last-5-avg\": 10.86280369758606,\n      \"last-10-avg\": 10.86280369758606\n    },\n    \"done\": {\n      \"max\": false,\n      \"min\": false,\n      \"avg\": 0.0,\n      \"last\": false,\n      \"last-5-avg\": 0.0,\n      \"last-10-avg\": 0.0\n    },\n    \"training_iteration\": {\n      \"max\": 3,\n      \"min\": 1,\n      \"avg\": 2.0,\n      \"last\": 3,\n      \"last-5-avg\": 2.0,\n      \"last-10-avg\": 2.0\n    },\n    \"timestamp\": {\n      \"max\": 1622042143,\n      \"min\": 1622042128,\n      \"avg\": 1622042135.6666665,\n      \"last\": 1622042143,\n      \"last-5-avg\": 1622042135.6666667,\n      \"last-10-avg\": 1622042135.6666667\n    },\n    \"time_total_s\": {\n      \"max\": 32.58841109275818,\n      \"min\": 16.869308948516846,\n      \"avg\": 24.883487939834595,\n      \"last\": 32.58841109275818,\n      \"last-5-avg\": 24.883487939834595,\n      \"last-10-avg\": 24.883487939834595\n    },\n    \"pid\": {\n      \"max\": 14065,\n      \"min\": 14065,\n      \"avg\": 14065.0,\n      \"last\": 14065,\n      \"last-5-avg\": 14065.0,\n      \"last-10-avg\": 14065.0\n    },\n    \"time_since_restore\": {\n      \"max\": 32.58841109275818,\n      \"min\": 16.869308948516846,\n      \"avg\": 24.883487939834595,\n      \"last\": 32.58841109275818,\n      \"last-5-avg\": 24.883487939834595,\n      \"last-10-avg\": 24.883487939834595\n    },\n    \"timesteps_since_restore\": {\n      \"max\": 0,\n      \"min\": 0,\n      \"avg\": 0.0,\n      \"last\": 0,\n      \"last-5-avg\": 0.0,\n      \"last-10-avg\": 0.0\n    },\n    \"iterations_since_restore\": {\n      \"max\": 3,\n      \"min\": 1,\n      \"avg\": 2.0,\n      \"last\": 3,\n      \"last-5-avg\": 2.0,\n      \"last-10-avg\": 2.0\n    },\n    \"config/layer_1_size\": {\n      \"max\": 32,\n      \"min\": 32,\n      \"avg\": 32.0,\n      \"last\": 32,\n      \"last-5-avg\": 32.0,\n      \"last-10-avg\": 32.0\n    },\n    \"config/layer_2_size\": {\n      \"max\": 128,\n      \"min\": 128,\n      \"avg\": 128.0,\n      \"last\": 128,\n      \"last-5-avg\": 128.0,\n      \"last-10-avg\": 128.0\n    },\n    \"config/lr\": {\n      \"max\": 0.012593240722255414,\n      \"min\": 0.012593240722255414,\n      \"avg\": 0.012593240722255414,\n      \"last\": 0.012593240722255414,\n      \"last-5-avg\": 0.012593240722255414,\n      \"last-10-avg\": 0.012593240722255414\n    },\n    \"config/batch_size\": {\n      \"max\": 128,\n      \"min\": 128,\n      \"avg\": 128.0,\n      \"last\": 128,\n      \"last-5-avg\": 128.0,\n      \"last-10-avg\": 128.0\n    }\n  },\n  \"n_steps\": [\n    5,\n    10\n  ],\n  \"metric_n_steps\": {\n    \"loss\": {\n      \"5\": {\n        \"_type\": \"CLOUDPICKLE_FALLBACK\",\n        \"value\": \"8005953d000000000000008c0b636f6c6c656374696f6e73948c056465717565949394294b058694529428473fdb7d8bc0000000473fd89e2de0000000473fd9a99aa0000000652e\"\n      },\n      \"10\": {\n        \"_type\": \"CLOUDPICKLE_FALLBACK\",\n        \"value\": \"8005953d000000000000008c0b636f6c6c656374696f6e73948c056465717565949394294b0a8694529428473fdb7d8bc0000000473fd89e2de0000000473fd9a99aa0000000652e\"\n      }\n    },\n    \"mean_accuracy\": {\n      \"5\": {\n        \"_type\": \"CLOUDPICKLE_FALLBACK\",\n        \"value\": \"8005953d000000000000008c0b636f6c6c656374696f6e73948c056465717565949394294b058694529428473fec500000000000473fecc80000000000473fecc33340000000652e\"\n      },\n      \"10\": {\n        \"_type\": \"CLOUDPICKLE_FALLBACK\",\n        \"value\": \"8005953d000000000000008c0b636f6c6c656374696f6e73948c056465717565949394294b0a8694529428473fec500000000000473fecc80000000000473fecc33340000000652e\"\n      }\n    },\n    \"time_this_iter_s\": {\n      \"5\": {\n        \"_type\": \"CLOUDPICKLE_FALLBACK\",\n        \"value\": \"8005953d000000000000008c0b636f6c6c656374696f6e73948c056465717565949394294b058694529428474030de8b08000000474020a5994000000047401d9529d0000000652e\"\n      },\n      \"10\": {\n        \"_type\": \"CLOUDPICKLE_FALLBACK\",\n        \"value\": \"8005953d000000000000008c0b636f6c6c656374696f6e73948c056465717565949394294b0a8694529428474030de8b08000000474020a5994000000047401d9529d0000000652e\"\n      }\n    },\n    \"done\": {\n      \"5\": {\n        \"_type\": \"CLOUDPICKLE_FALLBACK\",\n        \"value\": 