{
  "checkpoints": [
    "{\n  \"trainable_name\": \"training_function\",\n  \"trial_id\": \"b5e80_00000\",\n  \"config\": {\n    \"layer_1_size\": 64,\n    \"layer_2_size\": 64,\n    \"lr\": 0.0016830150856120398,\n    \"batch_size\": 64,\n    \"mlflow\": {\n      \"experiment_name\": \"/Users/timo.bohnstedt@fau.de/Jiggsaw_test\",\n      \"tracking_uri\": \"databricks\"\n    }\n  },\n  \"local_dir\": \"/Users/beantown/PycharmProjects/jigsaw-puzzle-solver/results/ray_results/tune_mnist_asha\",\n  \"evaluated_params\": {\n    \"layer_1_size\": 64,\n    \"layer_2_size\": 64,\n    \"lr\": 0.0016830150856120398,\n    \"batch_size\": 64\n  },\n  \"experiment_tag\": \"0_batch_size=64,layer_1_size=64,layer_2_size=64,lr=0.001683\",\n  \"location\": {\n    \"_type\": \"CLOUDPICKLE_FALLBACK\",\n    \"value\": \"8005953a000000000000008c0e7261792e74756e652e747269616c948c084c6f636174696f6e9493942981947d94288c08686f73746e616d65944e8c03706964944e75622e\"\n  },\n  \"resources\": {\n    \"cpu\": 9,\n    \"gpu\": 0,\n    \"memory\": 0,\n    \"object_store_memory\": 0,\n    \"extra_cpu\": 0,\n    \"extra_gpu\": 0,\n    \"extra_memory\": 0,\n    \"extra_object_store_memory\": 0,\n    \"custom_resources\": {},\n    \"extra_custom_resources\": {}\n  },\n  \"placement_group_factory\": {\n    \"_type\": \"CLOUDPICKLE_FALLBACK\",\n    \"value\": \"800595b2000000000000008c1f7261792e74756e652e7574696c732e706c6163656d656e745f67726f757073948c15506c6163656d656e7447726f7570466163746f72799493942981947d94288c085f62756e646c6573945d947d94288c03435055944b098c03475055944b008c066d656d6f7279944b008c136f626a6563745f73746f72655f6d656d6f7279944b0075618c095f7374726174656779948c045041434b948c055f6172677394298c075f6b7761726773947d9475622e\"\n  },\n  \"stopping_criterion\": {},\n  \"log_to_file\": [\n    null,\n    null\n  ],\n  \"max_failures\": 0,\n  \"last_result\": {\n    \"loss\": 0.22803735733032227,\n    \"mean_accuracy\": 0.9280063509941101,\n    \"time_this_iter_s\": 7.733821868896484,\n    \"done\": true,\n    \"timesteps_total\": null,\n    \"episodes_total\": null,\n    \"training_iteration\": 2,\n    \"experiment_id\": \"29f74417cde746fdb81a15ef67dd0be9\",\n    \"date\": \"2021-05-26_16-07-58\",\n    \"timestamp\": 1622038078,\n    \"time_total_s\": 24.256237030029297,\n    \"pid\": 11486,\n    \"hostname\": \"Timos-MacBook-Pro-2.local\",\n    \"node_ip\": \"192.168.2.103\",\n    \"config\": {\n      \"layer_1_size\": 64,\n      \"layer_2_size\": 64,\n      \"lr\": 0.0016830150856120398,\n      \"batch_size\": 64,\n      \"mlflow\": {\n        \"experiment_name\": \"/Users/timo.bohnstedt@fau.de/Jiggsaw_test\",\n        \"tracking_uri\": \"databricks\"\n      }\n    },\n    \"time_since_restore\": 24.256237030029297,\n    \"timesteps_since_restore\": 0,\n    \"iterations_since_restore\": 2,\n    \"trial_id\": \"b5e80_00000\",\n    \"experiment_tag\": \"0_batch_size=64,layer_1_size=64,layer_2_size=64,lr=0.001683\"\n  },\n  \"last_update_time\": 1622038078.1592698,\n  \"metric_analysis\": {\n    \"loss\": {\n      \"max\": 0.26965153217315674,\n      \"min\": 0.22803735733032227,\n      \"avg\": 0.2488444447517395,\n      \"last\": 0.22803735733032227,\n      \"last-5-avg\": 0.2488444447517395,\n      \"last-10-avg\": 0.2488444447517395\n    },\n    \"mean_accuracy\": {\n      \"max\": 0.9280063509941101,\n      \"min\": 0.9127768874168396,\n      \"avg\": 0.9203916192054749,\n      \"last\": 0.9280063509941101,\n      \"last-5-avg\": 0.9203916192054749,\n      \"last-10-avg\": 0.9203916192054749\n    },\n    \"time_this_iter_s\": {\n      \"max\": 16.522415161132812,\n      \"min\": 7.733821868896484,\n      \"avg\": 12.128118515014648,\n      \"last\": 7.733821868896484,\n      \"last-5-avg\": 12.128118515014648,\n      \"last-10-avg\": 12.128118515014648\n    },\n    \"done\": {\n      \"max\": false,\n      \"min\": false,\n      \"avg\": 0.0,\n      \"last\": false,\n      \"last-5-avg\": 0.0,\n      \"last-10-avg\": 0.0\n    },\n    \"training_iteration\": {\n      \"max\": 2,\n      \"min\": 1,\n      \"avg\": 1.5,\n      \"last\": 2,\n      \"last-5-avg\": 1.5,\n      \"last-10-avg\": 1.5\n    },\n    \"timestamp\": {\n      \"max\": 1622038078,\n      \"min\": 1622038070,\n      \"avg\": 1622038074.0,\n      \"last\": 1622038078,\n      \"last-5-avg\": 1622038074.0,\n      \"last-10-avg\": 1622038074.0\n    },\n    \"time_total_s\": {\n      \"max\": 24.256237030029297,\n      \"min\": 16.522415161132812,\n      \"avg\": 20.389326095581055,\n      \"last\": 24.256237030029297,\n      \"last-5-avg\": 20.389326095581055,\n      \"last-10-avg\": 20.389326095581055\n    },\n    \"pid\": {\n      \"max\": 11486,\n      \"min\": 11486,\n      \"avg\": 11486.0,\n      \"last\": 11486,\n      \"last-5-avg\": 11486.0,\n      \"last-10-avg\": 11486.0\n    },\n    \"time_since_restore\": {\n      \"max\": 24.256237030029297,\n      \"min\": 16.522415161132812,\n      \"avg\": 20.389326095581055,\n      \"last\": 24.256237030029297,\n      \"last-5-avg\": 20.389326095581055,\n      \"last-10-avg\": 20.389326095581055\n    },\n    \"timesteps_since_restore\": {\n      \"max\": 0,\n      \"min\": 0,\n      \"avg\": 0.0,\n      \"last\": 0,\n      \"last-5-avg\": 0.0,\n      \"last-10-avg\": 0.0\n    },\n    \"iterations_since_restore\": {\n      \"max\": 2,\n      \"min\": 1,\n      \"avg\": 1.5,\n      \"last\": 2,\n      \"last-5-avg\": 1.5,\n      \"last-10-avg\": 1.5\n    },\n    \"config/layer_1_size\": {\n      \"max\": 64,\n      \"min\": 64,\n      \"avg\": 64.0,\n      \"last\": 64,\n      \"last-5-avg\": 64.0,\n      \"last-10-avg\": 64.0\n    },\n    \"config/layer_2_size\": {\n      \"max\": 64,\n      \"min\": 64,\n      \"avg\": 64.0,\n      \"last\": 64,\n      \"last-5-avg\": 64.0,\n      \"last-10-avg\": 64.0\n    },\n    \"config/lr\": {\n      \"max\": 0.0016830150856120398,\n      \"min\": 0.0016830150856120398,\n      \"avg\": 0.0016830150856120398,\n      \"last\": 0.0016830150856120398,\n      \"last-5-avg\": 0.0016830150856120398,\n      \"last-10-avg\": 0.0016830150856120398\n    },\n    \"config/batch_size\": {\n      \"max\": 64,\n      \"min\": 64,\n      \"avg\": 64.0,\n      \"last\": 64,\n      \"last-5-avg\": 64.0,\n      \"last-10-avg\": 64.0\n    }\n  },\n  \"n_steps\": [\n    5,\n    10\n  ],\n  \"metric_n_steps\": {\n    \"loss\": {\n      \"5\": {\n        \"_type\": \"CLOUDPICKLE_FALLBACK\",\n        \"value\": \"80059534000000000000008c0b636f6c6c656374696f6e73948c056465717565949394294b058694529428473fd141f880000000473fcd305400000000652e\"\n      },\n      \"10\": {\n        \"_type\": \"CLOUDPICKLE_FALLBACK\",\n        \"value\": \"80059534000000000000008c0b636f6c6c656374696f6e73948c056465717565949394294b0a8694529428473fd141f880000000473fcd305400000000652e\"\n      }\n    },\n    \"mean_accuracy\": {\n      \"5\": {\n        \"_type\": \"CLOUDPICKLE_FALLBACK\",\n        \"value\": \"80059534000000000000008c0b636f6c6c656374696f6e73948c056465717565949394294b058694529428473fed3577e0000000473fedb23a60000000652e\"\n      },\n      \"10\": {\n        \"_type\": \"CLOUDPICKLE_FALLBACK\",\n        \"value\": \"80059534000000000000008c0b636f6c6c656374696f6e73948c056465717565949394294b0a8694529428473fed3577e0000000473fedb23a60000000652e\"\n      }\n    },\n    \"time_this_iter_s\": {\n      \"5\": {\n        \"_type\": \"CLOUDPICKLE_FALLBACK\",\n        \"value\": \"80059534000000000000008c0b636f6c6c656374696f6e73948c056465717565949394294b05869452942847403085bd0000000047401eef6f00000000652e\"\n      },\n      \"10\": {\n        \"_type\": \"CLOUDPICKLE_FALLBACK\",\n        \"value\": \"80059534000000000000008c0b636f6c6c656374696f6e73948c056465717565949394294b0a869452942847403085bd0000000047401eef6f00000000652e\"\n      }\n    },\n    \"done\": {\n      \"5\": {\n        \"_type\": \"CLOUDPICKLE_FALLBACK\",\n        \"value\": \"80059524000000000000008c0b636f6c6c656374696f6e73948c056465717565949394294b0586945294288989652e\"\n      },\n      \"10\": {\n        