{
  "checkpoints": [
    "{\n  \"trainable_name\": \"training_function\",\n  \"trial_id\": \"614af_00000\",\n  \"config\": {\n    \"layer_1_size\": 128,\n    \"layer_2_size\": 128,\n    \"lr\": 0.00014491465064700356,\n    \"batch_size\": 128,\n    \"mlflow\": {\n      \"experiment_name\": \"/Users/timo.bohnstedt@fau.de/Jiggsaw_test\",\n      \"tracking_uri\": \"databricks\"\n    }\n  },\n  \"local_dir\": \"/Users/beantown/PycharmProjects/jigsaw-puzzle-solver/results/ray_results/tune_mnist_asha\",\n  \"evaluated_params\": {\n    \"layer_1_size\": 128,\n    \"layer_2_size\": 128,\n    \"lr\": 0.00014491465064700356,\n    \"batch_size\": 128\n  },\n  \"experiment_tag\": \"0_batch_size=128,layer_1_size=128,layer_2_size=128,lr=0.00014491\",\n  \"location\": {\n    \"_type\": \"CLOUDPICKLE_FALLBACK\",\n    \"value\": \"8005953a000000000000008c0e7261792e74756e652e747269616c948c084c6f636174696f6e9493942981947d94288c08686f73746e616d65944e8c03706964944e75622e\"\n  },\n  \"resources\": {\n    \"cpu\": 6,\n    \"gpu\": 0,\n    \"memory\": 0,\n    \"object_store_memory\": 0,\n    \"extra_cpu\": 0,\n    \"extra_gpu\": 0,\n    \"extra_memory\": 0,\n    \"extra_object_store_memory\": 0,\n    \"custom_resources\": {},\n    \"extra_custom_resources\": {}\n  },\n  \"placement_group_factory\": {\n    \"_type\": \"CLOUDPICKLE_FALLBACK\",\n    \"value\": \"800595b2000000000000008c1f7261792e74756e652e7574696c732e706c6163656d656e745f67726f757073948c15506c6163656d656e7447726f7570466163746f72799493942981947d94288c085f62756e646c6573945d947d94288c03435055944b068c03475055944b008c066d656d6f7279944b008c136f626a6563745f73746f72655f6d656d6f7279944b0075618c095f7374726174656779948c045041434b948c055f6172677394298c075f6b7761726773947d9475622e\"\n  },\n  \"stopping_criterion\": {},\n  \"log_to_file\": [\n    null,\n    null\n  ],\n  \"max_failures\": 0,\n  \"last_result\": {\n    \"loss\": 0.30383390188217163,\n    \"mean_accuracy\": 0.9078124761581421,\n    \"time_this_iter_s\": 7.543335914611816,\n    \"done\": true,\n    \"timesteps_total\": null,\n    \"episodes_total\": null,\n    \"training_iteration\": 3,\n    \"experiment_id\": \"82ce67c26709435ea68e9c37782380e6\",\n    \"date\": \"2021-05-26_16-05-42\",\n    \"timestamp\": 1622037942,\n    \"time_total_s\": 30.461833953857422,\n    \"pid\": 11312,\n    \"hostname\": \"Timos-MacBook-Pro-2.local\",\n    \"node_ip\": \"192.168.2.103\",\n    \"config\": {\n      \"layer_1_size\": 128,\n      \"layer_2_size\": 128,\n      \"lr\": 0.00014491465064700356,\n      \"batch_size\": 128,\n      \"mlflow\": {\n        \"experiment_name\": \"/Users/timo.bohnstedt@fau.de/Jiggsaw_test\",\n        \"tracking_uri\": \"databricks\"\n      }\n    },\n    \"time_since_restore\": 30.461833953857422,\n    \"timesteps_since_restore\": 0,\n    \"iterations_since_restore\": 3,\n    \"trial_id\": \"614af_00000\",\n    \"experiment_tag\": \"0_batch_size=128,layer_1_size=128,layer_2_size=128,lr=0.00014491\"\n  },\n  \"last_update_time\": 1622037942.157193,\n  \"metric_analysis\": {\n    \"loss\": {\n      \"max\": 0.48160380125045776,\n      \"min\": 0.30383390188217163,\n      \"avg\": 0.3821413516998291,\n      \"last\": 0.30383390188217163,\n      \"last-5-avg\": 0.3821413516998291,\n      \"last-10-avg\": 0.3821413516998291\n    },\n    \"mean_accuracy\": {\n      \"max\": 0.9078124761581421,\n      \"min\": 0.852343738079071,\n      \"avg\": 0.8846354087193806,\n      \"last\": 0.9078124761581421,\n      \"last-5-avg\": 0.8846354087193807,\n      \"last-10-avg\": 0.8846354087193807\n    },\n    \"time_this_iter_s\": {\n      \"max\": 15.611899137496948,\n      \"min\": 7.306598901748657,\n      \"avg\": 10.153944651285807,\n      \"last\": 7.543335914611816,\n      \"last-5-avg\": 10.153944651285807,\n      \"last-10-avg\": 10.153944651285807\n    },\n    \"done\": {\n      \"max\": false,\n      \"min\": false,\n      \"avg\": 0.0,\n      \"last\": false,\n      \"last-5-avg\": 0.0,\n      \"last-10-avg\": 0.0\n    },\n    \"training_iteration\": {\n      \"max\": 3,\n      \"min\": 1,\n      \"avg\": 2.0,\n      \"last\": 3,\n      \"last-5-avg\": 2.0,\n      \"last-10-avg\": 2.0\n    },\n    \"timestamp\": {\n      \"max\": 1622037942,\n      \"min\": 1622037927,\n      \"avg\": 1622037934.3333333,\n      \"last\": 1622037942,\n      \"last-5-avg\": 1622037934.3333333,\n      \"last-10-avg\": 1622037934.3333333\n    },\n    \"time_total_s\": {\n      \"max\": 30.461833953857422,\n      \"min\": 15.611899137496948,\n      \"avg\": 22.997410376866657,\n      \"last\": 30.461833953857422,\n      \"last-5-avg\": 22.997410376866657,\n      \"last-10-avg\": 22.997410376866657\n    },\n    \"pid\": {\n      \"max\": 11312,\n      \"min\": 11312,\n      \"avg\": 11312.0,\n      \"last\": 11312,\n      \"last-5-avg\": 11312.0,\n      \"last-10-avg\": 11312.0\n    },\n    \"time_since_restore\": {\n      \"max\": 30.461833953857422,\n      \"min\": 15.611899137496948,\n      \"avg\": 22.997410376866657,\n      \"last\": 30.461833953857422,\n      \"last-5-avg\": 22.997410376866657,\n      \"last-10-avg\": 22.997410376866657\n    },\n    \"timesteps_since_restore\": {\n      \"max\": 0,\n      \"min\": 0,\n      \"avg\": 0.0,\n      \"last\": 0,\n      \"last-5-avg\": 0.0,\n      \"last-10-avg\": 0.0\n    },\n    \"iterations_since_restore\": {\n      \"max\": 3,\n      \"min\": 1,\n      \"avg\": 2.0,\n      \"last\": 3,\n      \"last-5-avg\": 2.0,\n      \"last-10-avg\": 2.0\n    },\n    \"config/layer_1_size\": {\n      \"max\": 128,\n      \"min\": 128,\n      \"avg\": 128.0,\n      \"last\": 128,\n      \"last-5-avg\": 128.0,\n      \"last-10-avg\": 128.0\n    },\n    \"config/layer_2_size\": {\n      \"max\": 128,\n      \"min\": 128,\n      \"avg\": 128.0,\n      \"last\": 128,\n      \"last-5-avg\": 128.0,\n      \"last-10-avg\": 128.0\n    },\n    \"config/lr\": {\n      \"max\": 0.00014491465064700356,\n      \"min\": 0.00014491465064700356,\n      \"avg\": 0.00014491465064700356,\n      \"last\": 0.00014491465064700356,\n      \"last-5-avg\": 0.00014491465064700356,\n      \"last-10-avg\": 0.00014491465064700356\n    },\n    \"config/batch_size\": {\n      \"max\": 128,\n      \"min\": 128,\n      \"avg\": 128.0,\n      \"last\": 128,\n      \"last-5-avg\": 128.0,\n      \"last-10-avg\": 128.0\n    }\n  },\n  \"n_steps\": [\n    5,\n    10\n  ],\n  \"metric_n_steps\": {\n    \"loss\": {\n      \"5\": {\n        \"_type\": \"CLOUDPICKLE_FALLBACK\",\n        \"value\": \"8005953d000000000000008c0b636f6c6c656374696f6e73948c056465717565949394294b058694529428473fded298c0000000473fd71a6680000000473fd37203c0000000652e\"\n      },\n      \"10\": {\n        \"_type\": \"CLOUDPICKLE_FALLBACK\",\n        \"value\": \"8005953d000000000000008c0b636f6c6c656374696f6e73948c056465717565949394294b0a8694529428473fded298c0000000473fd71a6680000000473fd37203c0000000652e\"\n      }\n    },\n    \"mean_accuracy\": {\n      \"5\": {\n        \"_type\": \"CLOUDPICKLE_FALLBACK\",\n        \"value\": \"8005953d000000000000008c0b636f6c6c656374696f6e73948c056465717565949394294b058694529428473feb466660000000473fec9999a0000000473fed0cccc0000000652e\"\n      },\n      \"10\": {\n        \"_type\": \"CLOUDPICKLE_FALLBACK\",\n        \"value\": \"8005953d000000000000008c0b636f6c6c656374696f6e73948c056465717565949394294b0a8694529428473feb466660000000473fec9999a0000000473fed0cccc0000000652e\"\n      }\n    },\n    \"time_this_iter_s\": {\n      \"5\": {\n        \"_type\": \"CLOUDPICKLE_FALLBACK\",\n        \"value\": \"8005953d000000000000008c0b636f6c6c656374696f6e73948c056465717565949394294b05869452942847402f394ad800000047401d39f51000000047401e2c6040000000652e\"\n      },\n      \"10\": {\n        \"_type\": \"CLOUDPICKLE_FALLBACK\",\n        \"value\": \"8005953d000000000000008c0b636f6c6c656374696f6e73948c056465717565949394294b0a869452942847402f394ad800000047401d39f51000000047401e2c6040000000652e\"\n      }\n    },\n    \"done\": {\n      \"5\": {\n        \"_type\": 